200 Motels|1971|Tony Palmer
2001: A Space Odyssey|1968|Stanley Kubrick
Betty Blue|1986|Jean-Jacques Beineix
42nd Street|1933|Lloyd Bacon
The 7th Voyage of Sinbad|1958|Nathan Juran
9 Songs|2004|Michael Winterbottom
300|2006|Zack Snyder
À Bout de Souffle|1960|Jean-Luc Godard
À Meia-Noite Levarei Sua Alma|1964|José Mojica Marins
Abbott and Costello Meet Frankenstein|1948|Charles Barton
Die Abfahrer|1978|Adolf Winkelmann
The Abominable Dr. Phibes|1971|Robert Fuest
Ace Ventura: Pet Detective|1994|Tom Shadyac
The Addiction|1995|Abel Ferrara
Adieu Léonard|1943|Pierre Prévert
The Adventures of Baron Munchausen|1989|Terry Gilliam
The Adventures of Buckaroo Banzai Across the 8th Dimension|1984|W. D. Richter
The Adventures of Priscilla, Queen of the Desert|1994|Stephan Elliott
L'Affaire est dans le Sac|1932|Pierre Prévert and Jacques Prévert
After Hours|1985|Martin Scorsese
Agneepath|1990|Mukul Anand
Aguirre, der Zorn Gottes|1972|Werner Herzog
Ai no Korīda / L'Empire des Sens|1976|Nagisa Oshima
Akira|1988|Katsuhiro Otomo
Alice in Wonderland: An X-Rated Musical Fantasy|1976|Bud Townsend
Alice's Restaurant|1969|Arthur Penn
Allegro Non Troppo|1976|Bruno Bozzetto
Alphaville|1965|Jean-Luc Godard
Altered States|1980|Ken Russell
Alucarda|1977|Juan López Moctezuma
Alvin Purple|1973|Tim Burstall
Les Amants du Pont Neuf|1991|Leos Carax
Amazon Women on the Moon|1987|Joe Dante, Carl Gottlieb, Peter Horton, John Landis and Robert K. Weiss
Amsterdamned|1988|Dick Maas
An American Hippie in Israel|1972|Amos Sefer
American History X|1998|Tony Kaye
American Movie|1999|Chris Smith
American Psycho|2000|Mary Harron
American Splendor|2003|Shari Springer Berman and Robert Pulcini
L'An 01|1973|Jacques Doillon, Alain Resnais and Jean Rouch
An American Werewolf in London|1981|John Landis
Der Amerikanische Freund|1977|Wim Wenders
The Amityville Horror|1979|Stuart Rosenberg
Amores Perros|2000|Alejandro González Iñárritu
Anaconda|1997|Luis Llosa
Anbe Sivam|2003|Sundar C.
Anchorman: The Legend of Ron Burgundy|2004|Adam McKay
And Now For Something Completely Different|1971|Ian MacNaughton
Andaz Apna Apna|1994|Rajkumar Santoshi
Andy Warhol's Bad|1977|Jed Johnson
Andy Warhol's Dracula|1974|Paul Morrissey
Andy Warhol's Frankenstein|1973|Paul Morrissey
Andy Warhol's Trash|1970|Paul Morrissey
Angel Heart|1987|Alan Parker
The Angry Red Planet|1959|Ib Melchior
Angst|1983|Gerald Kargl
L'Année Dernière à Marienbad|1961|Alain Resnais
Antichrist|2009|Lars von Trier
Antropophagus|1980|Joe D'Amato
Any Way the Wind Blows|2003|Tom Barman
The Apple|1980|Menahem Golan
Army of Darkness|1992|Sam Raimi
Arrebato|1980|Iván Zulueta
Arthur Christmas|2011|Sarah Smith
Ascenseur pour l'Echafaud|1958|Louis Malle
Assa|1987|Sergei Solovyov
Assault on Precinct 13|1976|John Carpenter
Atlantis: The Lost Empire|2001|Gary Trousdale and Kirk Wise
The Atomic Submarine|1959|Spencer Gordon Bennet
Attack of the 50 Foot Woman|1958|Nathan H. Juran
Attack of the Crab Monsters|1957|Roger Corman
Attack of the Giant Leeches|1959|Bernard L. Kowalski
Attack of the Killer Tomatoes|1978|John DeBello
Attack the Block|2011|Joe Cornish
L'Auberge Espagnole|2002|Cédric Klapisch
Audition|1999|Takashi Miike
Les Aventures de Rabbi Jacob|1973|Gérard Oury
Babe: Pig in the City|1998|George Miller
Babo 73|1964|Robert Downey Sr.
The Baby|1973|Ted Post
Baby Love|1968|Alastair Reid
Baby Snakes|1979|Frank Zappa
Il Bacio di Tosca|1984|Daniel Schmid
Bad Boy Bubby|1993|Rolf de Heer
Bad Day at Black Rock|1955|John Sturges
Bad Girls Go to Hell|1965|Doris Wishman
Bad Lieutenant|1992|Abel Ferrara
Bad Lieutenant: Port of Call New Orleans|2009|Werner Herzog
Bad Santa|2003|Terry Zwigoff
The Bad Seed|1956|Mervyn LeRoy
Bad Taste|1987|Peter Jackson
Badlands|1973|Terrence Malick
Bagdad Cafe|1987|Percy Adlon
Baise-moi|2000|Virginie Despentes and Coralie Trinh Thi
La Balance|1982|Bob Swaim
The Ballad of Little Jo|1993|Maggie Greenwald
Bambi Meets Godzilla|1969|Marv Newland
Bananas|1971|Woody Allen
Bande à part|1964|Jean-Luc Godard
Bandit Queen|1994|Shekhar Kapur
Bang Boom Bang|1999|Peter Thorwarth
The Bank Dick|1940|Edward F. Cline
Vampire Hunter D|1985|Toyoo Ashida
Banzaï|1983|Claude Zidi
Barbarella|1968|Roger Vadim
El Barón del Terror|1962|Chano Ureata
Les Barons|2009|Nabil Ben Yadir
Barton Fink|1991|The Coen Brothers
BASEketball|1998|David Zucker
Basket Case|1982|Frank Henenlotter
Battlefield Earth|2000|Roger Christian
Battle Royale|2000|Kinji Fukasaku
Beach Blanket Bingo|1965|William Asher
Beast from Haunted Cave|1959|Monte Hellman
The Beast from 20,000 Fathoms|1953|Eugène Lourié
The Beastmaster|1982|Don Coscarelli
Beat the Devil|1953|John Huston
Beau Travail|1999|Claire Denis
Beautiful Thing|1996|Hettie MacDonald
Beavis and Butt-head Do America|1996|Mike Judge
Bedazzled|1967|Stanley Donen
Bedtime for Bonzo|1951|Frederick de Cordova
Bee Movie|2007|Simon J. Smith and Steve Hickner
Beetlejuice|1988|Tim Burton
Begotten|1990|E. Elias Merhige
Behind the Green Door|1972|Artie Mitchell & Jim Mitchell
Behind the Mask: The Rise of Leslie Vernon|2006|Scott Glosserman
Being John Malkovich|1999|Spike Jonze
Belle de Jour|1967|Luis Buñuel
Benny & Joon|1993|Jeremiah S. Chechik
Best in Show|2000|Christopher Guest
The Best of Everything|1959|Jean Negulesco
Best Worst Movie|2009|Michael Stephenson
Better Off Dead|1985|Savage Steve Holland
Der bewegte Mann|1994|Sönke Wortmann
Beyond the Darkness|1979|Joe D'Amato
Beyond the Valley of the Dolls|1970|Russ Meyer
The BFG|1987|Brian Cosgrove
Big Bad Mama|1974|Roger Corman
The Big Chill|1983|Lawrence Kasdan
The Big Combo|1955|Joseph H. Lewis
Big Fan|2009|Robert D. Siegel
Big Fun In The Big Town|1986|Bram van Splunteren
The Big Heat|1953|Fritz Lang
The Big Lebowski|1998|The Coen Brothers
Big Meat Eater|1982|Chris Windsor
The Big Snit|1985|Richard Condie
Big Trouble in Little China|1986|John Carpenter
Big Wednesday|1978|John Milius
Bill & Ted's Excellent Adventure|1989|Stephen Herek
Billy Jack|1971|Tom Laughlin
Billy Madison|1995|Tamra Davis
Birdemic: Shock and Terror|2010|James Nguyen
Black Belt Jones|1974|Robert Clouse
The Black Cat|1934|Edgar G. Ulmer
The Black Cauldron|1985|Ted Berman and Richard Rich
Black Christmas|1974|Bob Clark
Black Dynamite|2009|Scott Sanders
The Black Hole|1979|Gary Nelson
Black Moon|1975|Louis Malle
Blackboard Jungle|1955|Richard Brooks
Blacula|1972|William Crain
Blade Runner|1982|Ridley Scott
The Blair Witch Project|1999|Daniel Myrick and Eduardo Sánchez
Blank Generation|1980|Ulli Lommel
Blazing Saddles|1974|Mel Brooks
Die Blechtrommel|1979|Volker Schlöndorff
Blindman|1971|Ferdinando Baldi
The Blob|1958|Irvin S. Yeaworth, Jr.
Blonde Venus|1932|Josef von Sternberg
Blood & Chocolate|2007|Katja von Garnier
The Blood Beast Terror|1968|Vernon Sewell
Blood Feast|1963|Herschell Gordon Lewis
Blood In Blood Out|1993|Taylor Hackford
Blood Money|1933|Rowland Brown
Blood Simple|1983|The Coen Brothers
Bloodfist|1989|Terence H. Winkless
Bloodrayne|2005|Uwe Boll
Bloodsport|1988|Newt Arnold
Blowup|1966|Michelangelo Antonioni
The Blues Brothers|1980|John Landis
Blue Sunshine|1977|Jeff Lieberman
Blue Velvet|1986|David Lynch
BMX Bandits|1983|Brian Trenchard-Smith
Body Double|1984|Brian De Palma
Body Heat|1981|Lawrence Kasdan
Le Bonheur est dans le Pré|1995|Étienne Chatiliez
The Boondock Saints|1999|Troy Duffy
The Boondock Saints II: All Saints Day|2009|Troy Duffy
Borat: Cultural Learnings of America for Make Benefit Glorious Nation of Kazakhstan|2006|Larry Charles
Born in Flames|1983|Lizzie Borden
Bottle Rocket|1996|Wes Anderson
Bound|1996|The Wachowskis
Boxing Helena|1993|Jennifer Chambers Lynch
The Boy with Green Hair|1948|Joseph Losey
A Boy and His Dog|1975|L. Q. Jones
The Boys Next Door|1985|Penelope Spheeris
Boyz n the Hood|1991|John Singleton
The Brain That Wouldn't Die|1962|Joseph Green
Braindead|1992|Peter Jackson
Brat|1997|Aleksei Balabanov
Brand upon the Brain!|2006|Guy Maddin
The Brave Little Toaster|1987|Jerry Rees
Brazil|1985|Terry Gilliam
Breakdown|1997|Jonathan Mostow
Breakin'|1984|Joel Silberg
Breaking Glass|1980|Brian Gibson
Brick|2005|Rian Johnson
Bride of Frankenstein|1935|James Whale
Bride of the Monster|1955|Ed Wood
Brilliantovaya ruka|1969|Leonid Gaidai
Bring Me the Head of Alfredo Garcia|1974|Sam Peckinpah
Britannia Hospital|1982|Lindsay Anderson
The Brood|1979|David Cronenberg
The Brother from Another Planet|1984|John Sayles
The Brown Bunny|2003|Vincent Gallo
Bubba Ho-Tep|2002|Don Coscarelli
Die Büchse der Pandora|1929|Georg Wilhelm Pabst
A Bucket of Blood|1959|Roger Corman
Buffalo '66|1998|Vincent Gallo
Buffet Froid|1979|Bertrand Blier
Bug|2006|William Friedkin
The 'Burbs|1989|Joe Dante
The Burning|1981|Tony Maylam
Burroughs: The Movie|1983|Howard Brookner
Bye Bye Braverman|1968|Sidney Lumet
C'est Arrivé Près De Chez Vous|1992|Rémy Belvaux, André Bonzel and Benoît Poelvoorde
Cabin Boy|1994|Adam Resnick
The Cabinet of Dr. Caligari|1920|Robert Wiene
The Cable Guy|1996|Ben Stiller
Caddyshack|1980|Harold Ramis
Café Flesh|1982|Stephen Sayadian
La Cage aux Folles|1978|Édouard Molinaro
Caged Heat|1974|Jonathan Demme
Caligula|1979|Tinto Brass
Calvaire|2005|Fabrice Du Welz
Camping Cosmos|1996|Jan Bucquoy
Captain Ron|1992|Thom Eberhardt
Candy|1968|Christian Marquand
The Candy Snatchers|1973|Guerdon Trueblood
Cannibal! The Musical|1993|Trey Parker
Cannibal Holocaust|1980|Ruggero Deodato
Can't Hardly Wait|1998|Deborah Kaplan and Harry Elfont
Can't Stop the Music|1980|Nancy Walker
Captain Kronos – Vampire Hunter|1974|Brian Clemens
Car Wash|1976|Michael Schultz
Careful|1992|Guy Maddin
Carlito's Way|1993|Brian De Palma
Carnal Knowledge|1971|Mike Nichols
Carnival of Souls|1962|Herk Harvey
Carnosaur|1993|Adam Simon
Carny|1980|Robert Kaylor
Carrie|1976|Brian De Palma
Carry On Nurse|1959|Gerald Thomas
Casablanca|1942|Michael Curtiz
Casino Royale|1967|Ken Hughes, John Huston, Joseph McGrath, Robert Parrish, Val Guest and Richard Talmadge (uncredited)
The Castle|1997|Rob Sitch
Casse-tête Chinois|2013|Cédric Klapisch
Cat People|1942|Jacques Tourneur
Catch-22|1970|Mike Nichols
Cecil B. Demented|2000|John Waters
Cemetery Man|1994|Michele Soavi
C'era Una Volta Il West|1968|Sergio Leone
C'era Una Volta In America|1984|Sergio Leone
Cha Cha|1979|Herbert Curiël
Chappaqua|1966|Conrad Rooks
Chafed Elbows|1966|Robert Downey Sr.
What?|1972|Roman Polanski
Chelsea Girls|1966|Andy Warhol and Paul Morrissey
Cherry 2000|1987|Steve De Jarnatt
Un Chien Andalou|1929|Luis Buñuel
Children Shouldn't Play with Dead Things|1972|Bob Clark
Child's Play|1988|Tom Holland
Chilly Scenes of Winter|1979|Joan Micklin Silver
A Chinese Ghost Story|1987|Ching Siu-Tung
Chłopaki nie Płaczą|2000|Olaf Lubaszenko
Choose Me|1984|Alan Rudolph
Chopping Mall|1986|Jim Wynorski
Christmas Evil|1980|Lewis Jackson
Christmas on Mars|2008|Wayne Coyne
Christiane F. - Wir Kinder vom Bahnhof Zoo|1981|Uli Edel
A Christmas Story|1983|Bob Clark
The Chronicles of Riddick: Pitch Black|2000|David Twohy
Chuck and Buck|2000|Miguel Arteta
C.H.U.D.|1984|Douglas Cheek
Chungking Express|1994|Wong Kar-wai
Cidade de Deus|2002|Fernando Meirelles, Kátia Lund
Circuitry Man|1990|Steven Lovy
Cisco Pike|1972|Bill L. Norton
La Cité de la peur|1994|Alain Berbérian
La Cité des Enfants Perdus|1995|Jean-Pierre Jeunet and Marc Caro
Clash of the Titans|1981|Desmond Davis
Class of 1984|1982|Mark L. Lester
Class of Nuke 'Em High|1986|Richard W. Haines, Michael Herz, and Lloyd Kaufman (as Samuel Weil)
La Classe américaine|1993|Michel Hazanavicius and Dominique Mézerette
Clerks|1994|Kevin Smith
Clerks II|2006|Kevin Smith
Cloud Atlas|2012|The Wachowskis and Tom Tykwer
Cloverfield|2008|Matt Reeves
Clue|1985|Jonathan Lynn
Clueless|1995|Amy Heckerling
Co Mi Zrobisz, Jak Mnie Złapiesz?|1978|Stanisław Bareja
Cobra|1986|George P. Cosmatos
Cocaine Cowboys|1979|Ulli Lommel
Cocaine Cowboys|2006|Billy Corben
Cocksucker Blues|1972|Robert Frank
Code of Silence|1985|Andrew Davis
Code Unknown|2000|Michael Haneke
Coffy|1973|Jack Hill
The Color of Pomegranates|1969|Sergei Parajanov
Colossus: The Forbin Project|1970|Joseph Sargent
Combat Shock|1984|Buddy Giovinazzo
Comic Book Confidential|1988|Ron Mann
Coming Out|1989|Heiner Carow
Commando|1985|Mark L. Lester
Comment Je Me Suis Disputé...|1996|Arnaud Desplechin
The Company of Wolves|1984|Neil Jordan
Con Air|1997|Simon West
Conan the Barbarian|1982|John Milius
Condorman|1981|Charles Jarrott
Control|2007|Anton Corbijn
The Cook, the Thief, His Wife & Her Lover|1989|Peter Greenaway
Cool World|1992|Ralph Bakshi
Coonskin|1975|Ralph Bakshi
Copkiller|1983|Roberto Faenza
Corridors of Blood|1958|Robert Day
Coup de Torchon|1981|Bertrand Tavernier
Cracking Up|1983|Jerry Lewis
The Craft|1996|Andrew Fleming
Crash|1996|David Cronenberg
Creature from the Black Lagoon|1954|Jack Arnold
Creature from the Haunted Sea|1961|Roger Corman
The Creeping Terror|1964|Vic Savage
Creepshow|1982|George A. Romero
Crimi Clowns: De Movie|2013|Luk Wyns
Criminals Gone Wild|2008|Ousala Aleem
Cronos|1993|Guillermo del Toro
The Crow|1994|Alex Proyas
Cruising|1980|William Friedkin
Crumb|1994|Terry Zwigoff
Cry-Baby|1990|John Waters
Cube|1997|Vincenzo Natali
A Cure for Wellness|2016|Gore Verbinski
The Curse of Frankenstein|1957|Terence Fisher
Cutter's Way|1981|Ivan Passer
Da Uomo a Uomo|1967|Giulio Petroni
Daft Punk's Electroma|2006|Daft Punk
Daheim Sterben die Leut'|1985|Klaus Gietinger and Leo Hiemer
Dance, Girl, Dance|1940|Dorothy Arzner
Dancer in the Dark|2000|Lars von Trier
Danger: Diabolik|1968|Mario Bava
The Darjeeling Limited|2007|Wes Anderson
The Dark Backward|1991|Adam Rifkin
Dark City|1998|Alex Proyas
The Dark Crystal|1982|Jim Henson and Frank Oz
Dark Night of the Scarecrow|1981|Frank De Felitta
Dark Star|1974|John Carpenter
Darkman|1990|Sam Raimi
Darktown Strutters|1975|William Witney
Daughters of the Dust|1991|Julie Dash
Dawn of the Dead|1978|George A. Romero
Day of the Dead|1985|George A. Romero
The Day The Clown Cried|1972|Jerry Lewis
The Day the Earth Stood Still|1951|Robert Wise
Dazed and Confused|1993|Richard Linklater
Dead & Buried|1981|Gary Sherman
The Dead Father|1985|Guy Maddin
Dead Kids|1981|Michael Laughlin
Dead Man|1995|Jim Jarmusch
Dead of Night|1945|Alberto Cavalcanti, Charles Crichton, Basil Dearden, Robert Hamer
The Dead Pit|1989|Brett Leonard
Dead Ringers|1988|David Cronenberg
Deadlock|1970|Roland Klick
Deadly Friend|1986|Wes Craven
Deadly Prey|1987|David A. Prior
Deafula|1975|Peter Wechsberg
Deathdream|1974|Bob Clark
Death Race 2000|1975|Paul Bartel
Death to Smoochy|2002|Danny DeVito
Death Wish|1974|Michael Winner
Death Wish 3|1985|Michael Winner
Le Déclin de l'Empire Américain|1986|Denys Arcand
The Decline of Western Civilization Part II: The Metal Years|1988|Penelope Spheeris
Deep End|1970|Jerzy Skolimowski
Deep Throat|1972|Gerard Damiano
Defending Your Life|1991|Albert Brooks
Dekalog|1988|Krzysztof Kieślowski
Delicatessen|1991|Jean-Pierre Jeunet and Marc Caro
The Descent|2005|Neil Marshall
Demonlover|2002|Olivier Assayas
Demon Knight|1995|Ernest R. Dickerson
Dèmoni|1985|Lamberto Bava
Deranged|1974|Alan Ormsby and Jeff Gillen
Desert Hearts|1985|Donna Deitch
Desperate Teenage Lovedolls|1984|David Markey
Desperately Seeking Susan|1985|Susan Seidelman
Detour|1945|Edgar G. Ulmer
Deux Heures Moins le Quart avant Jésus-Christ|1982|Jean Yanne
The Devil-Doll|1936|Tod Browning
Devil Girl from Mars|1954|David MacDonald
The Devil's Advocate|1997|Taylor Hackford
The Devil's Rain|1975|Robert Fuest
The Devil's Rejects|2005|Rob Zombie
The Devils|1971|Ken Russell
Les Diaboliques|1955|Henri-Georges Clouzot
La Dialectique Peut-Elle Casser Des Briques?|1973|René Viénet
Diggstown|1992|Michael Ritchie
Dikkenek|2006|Olivier Van Hoofstadt
Dillinger è Morto|1969|Marco Ferreri
Dirty Work|1998|Bob Saget
Dis – En Historie om Kjærlighet|1995|Aune Sand
Disco Dancer|1982|Babbar Subhas
Les Disparus de Saint-Agil|1938|Christian-Jaque
Diva|1981|Jean-Jacques Beineix
Django|1966|Sergio Corbucci
The Driver|1978|Walter Hill
Dr. Cyclops|1940|Ernest B. Schoedsack
Dr. Goldfoot and the Bikini Machine|1965|Norman Taurog
Dr. Phibes Rises Again|1972|Robert Fuest
Dogma|1999|Kevin Smith
Dogville|2003|Lars von Trier
Dolemite|1975|D'Urville Martin
Don|1978|Chandra Barot
Don't Be Afraid of the Dark|1973|John Newland
Bob Dylan: Dont Look Back|1965|D.A. Pennebaker
Don't Look Now|1973|Nicolas Roeg
Don't Tell Mom the Babysitter's Dead|1991|Stephen Herek
Donnie Darko|2001|Richard Kelly
The Doom Generation|1995|Gregg Araki
Double Down|2005|Neil Breen
Double Team|1997|Tsui Hark
Dougal and the Blue Cat|1970|Serge Danot
The Dover Boys|1942|Chuck Jones
Down and Dirty Duck|1975|Charles Swenson
Down By Law|1986|Jim Jarmusch
Horror of Dracula|1958|Terence Fisher
Drácula|1931|George Melford
Dragonslayer|1981|Matthew Robbins
Dredd|2012|Pete Travis
Dressed to Kill|1980|Brian De Palma
Dreszcze|1981|Wojciech Marczewski
The Driller Killer|1979|Abel Ferrara
Drive|2011|Nicolas Winding Refn
Drop Dead Fred|1991|Ate de Jong
Drugstore Cowboy|1989|Gus Van Sant
Rififi|1955|Jules Dassin
Duck Soup|1933|Leo McCarey
Dunderklumpen!|1974|Per Åhlin
Dune|1984|David Lynch
Dünyayı Kurtaran Adam|1982|Çetin İnanç
Dzhentlmeny Udachi|1971|Aleksandr Seryj
Dziewczyny do Wzięcia|1972|Janusz Kondratiuk
Earth Girls Are Easy|1988|Julien Temple
Easy Rider|1969|Dennis Hopper
Eat the Rich|1987|Peter Richardson
Eating Raoul|1982|Paul Bartel
Edward Scissorhands|1990|Tim Burton
Eegah|1962|Arch Hall Sr.
Egymásra Nézve|1982|Károly Makk and János Xantus
El Topo|1970|Alejandro Jodorowsky
Emmanuelle|1974|Just Jaeckin
L'Emmerdeur|1973|Edouard Molinaro
Empire|1964|Andy Warhol
Empire Records|1995|Allan Moyle
The Endless Summer|1966|Bruce Brown
Les Enfants du Paradis|1945|Marcel Carné
Enter the Dragon|1973|Robert Clouse
Enter the Void|2009|Gaspar Noé
Equilibrium|2002|Dennis Muren and Jack Woods
Equinox|1970|Robert Day
Eraserhead|1977|David Lynch
Escape from New York|1981|John Carpenter
Eskimo Limon|1978|Boaz Davidson
Esperando la Carroza|1985|Alejandro Doria
Esta Noite Encarnarei no Teu Cadáver|1967|José Mojica Marins
Et Dieu Créa La Femme|1956|Roger Vadim
Eternal Sunshine of the Spotless Mind|2004|Michel Gondry
Ethel & Ernest|2016|Roger Mainwood
...E tu vivrai nel terrore! L'aldilà|1981|Lucio Fulci
Europa|1991|Lars von Trier
Event Horizon|1997|Paul W. S. Anderson
Everything You Always Wanted to Know About Sex*|1972|Woody Allen
The Evil Dead|1981|Sam Raimi
Evil Dead II|1987|Sam Raimi
Ex Drummer|2007|Koen Mortier
Exit... nur Keine Panik|1980|Franz Novotny
Exit Through the Gift Shop|2010|Banksy
Exotica|1994|Atom Egoyan
Explorers|1985|Joe Dante
F for Fake|1973|Orson Welles
Tears of the Black Tiger|2000|Wisit Sasanatieng
Le Fabuleux Destin d'Amélie Poulain|2001|Jean-Pierre Jeunet
Faces of Death|1978|Conan LeCilaire
The Faculty|1998|Robert Rodriguez
Fair Game|1986|Mario Andreacchio
The Fall|2006|Tarsem Singh
Der Fan|1982|Eckhardt Schmidt
Fantastic Mr. Fox|2009|Wes Anderson
Fantastic Planet|1973|Rene Laloux
Fargo|1996|The Coen Brothers
Fast, Cheap & Out of Control|1997|Errol Morris
Faster, Pussycat! Kill! Kill!|1965|Russ Meyer
Fateful Findings|2013|Neil Breen
Le Fatiche di Ercole|1958|Pietro Francisci
Fear and Loathing in Las Vegas|1998|Terry Gilliam
The Fearless Vampire Killers|1967|Roman Polanski
Felicity|1978|John D. Lamond
Felidae|1994|Michael Schaack
Fellini Satyricon|1969|Federico Fellini
Female Trouble|1974|John Waters
La Femme du Boulanger|1938|Marcel Pagnol
Femme Fatale|2002|Brian De Palma
Festen|1998|Thomas Vinterberg
Die Feuerzangenbowle|1944|Helmut Weiss
Fido|2006|Andrew Currie
Fiend Without a Face|1958|Arthur Crabtree
The Fifth Element|1997|Luc Besson
Fight Club|1999|David Fincher
Film d'Amore e d'Anarchia, Ovvero: Stamattina Alle 10, in Via dei Fiori, Nella Nota Casa di Tolleranza...|1973|Lina Wertmüller
The Final Countdown|1980|Don Taylor
Fire and Ice|1983|Ralph Bakshi
The Firm|1989|Alan Clarke
First Man into Space|1959|Robert Day
The First Nudie Musical|1976|Mark Haggard and Bruce Kimmel
The First Wives Club|1996|Hugh Wilson
The Fisher King|1991|Terry Gilliam
Fist of Fury|1972|Lo Wei
Fist of Legend|1994|Gordon Chan
Fitzcarraldo|1982|Werner Herzog
Five Deadly Venoms|1978|Chang Cheh
Flash Gordon|1980|Mike Hodges
Flaming Creatures|1963|Jack Smith
Flesh Gordon|1974|Michael Benveniste and Howard Ziehm
Fletch|1985|Michael Ritchie
Flodder|1986|Dick Maas
The Fly|1958|Kurt Neumann
The Fly|1986|David Cronenberg
The Fog|1980|John Carpenter
For Your Height Only|1981|Eddie Nicart
Forbidden Planet|1956|Fred M. Wilcox
Forbidden Zone|1980|Richard Elfman
Forbrydelsens Element|1984|Lars von Trier
Force of Evil|1948|Abraham Polonsky
The Fountain|2006|Darren Aronofsky
Foxy Brown|1974|Jack Hill
Frankenhooker|1990|Frank Henenlotter
Freaks|1932|Tod Browning
Freaked|1993|Alex Winter and Tom Stern
Freddy Got Fingered|2001|Tom Green
Freeway|1996|Matthew Bright
Die freudlose Gasse|1925|Georg Wilhelm Pabst
Friday|1995|F. Gary Gray
Friday the 13th|1980|Sean S. Cunningham
Friends with Money|2006|Nicole Holofcener
Fright Night|1985|Tom Holland
The Frighteners|1996|Peter Jackson
Fritz the Cat|1972|Ralph Bakshi
From Dusk till Dawn|1996|Robert Rodriguez
FUBAR|2002|Michael Dowse
Fucking Åmål|1998|Lukas Moodysson
Funny Games|1997|Michael Haneke
Furankenshutain no Kaijū: Sanda tai Gaira|1966|Ishirō Honda
Galaxy Invader|1985|Don Dohler
Galaxy of Terror|1981|Bruce D. Clark
Galaxy Quest|1999|Dean Parisot
Game of Death|1978|Bruce Lee
Gamera|1965|Noriaki Yuasa
Gandahar|1988|René Laloux
Gandu|2010|Qaushiq Mukherjee
Gangs of Wasseypur|2012|Anurag Kashyap
Gangsters contra charros|1948|Juan Orol
Ganja & Hess|1973|Bill Gunn
The Garbage Pail Kids Movie|1987|Rod Amateau
Garden State|2004|Zach Braff
The Gate|1987|Tibor Takács
Gayniggers from Outer Space|1992|Morten Lindberg
Gedo Senki|2006|Goro Miyazaki
Gegen die Wand|2004|Fatih Akin
Gekitotsu! Satsujin Ken|1974|Shigehiro Ozawa
Gentlemen Prefer Blondes|1953|Howard Hawks
Gerry|2002|Gus Van Sant
Get Carter|1971|Mike Hodges
Get Crazy|1983|Allan Arkush
Get to Know Your Rabbit|1972|Brian De Palma
Ghost Dog: The Way of the Samurai|1999|Jim Jarmusch
Ghost World|2001|Terry Zwigoff
The Giant Claw|1957|Fred F. Sears
The Giant Spider Invasion|1975|Bill Rebane
Gidget|1959|Paul Wendkos
Gilda|1946|Charles Vidor
Gimme Shelter|1970|Albert Maysles and David Maysles
Ginger Snaps|2000|John Fawcett
The Girl Can't Help It|1956|Frank Tashlin
The Girl Next Door|2004|Luke Greenfield
Giù la Testa|1971|Sergio Leone
Giv'at Halfon Eina Ona|1976|Assi Dayan
Gleaming the Cube|1989|Graeme Clifford
Glen or Glenda|1953|Ed Wood
Glengarry Glen Ross|1992|James Foley
The Gods Must Be Crazy|1980|Jamie Uys
Gojira|1954|Ishirō Honda
Godzilla|2014|Gareth Edwards
A Goofy Movie|1995|Kevin Lima
Goin' South|1978|Jack Nicholson
Der Golem, wie er in die Welt kam|1920|Paul Wegener
Gomorrah|2008|Matteo Garrone
Gone Baby Gone|2007|Ben Affleck
Good Burger|1997|Brian Robbins
Goon|2011|Michael Dowse
The Goonies|1985|Richard Donner
Gorgo|1961|Eugène Lourié
Gotti|2018|Kevin Connolly
Le Grand Bleu|1988|Luc Besson
La Grande Bouffe|1973|Marco Ferreri
Il Grande Silenzio|1968|Sergio Corbucci
Grandma's Boy|2006|Nicholaus Goossen
The Grateful Dead Movie|1977|Jerry Garcia and Leon Gast
Grease 2|1982|Patricia Birch
The Great Rock 'n' Roll Swindle|1980|Julien Temple
The Great Texas Dynamite Chase|1976|Michael Pressman
Grave of the Fireflies|1988|Isao Takahata
Greed|1924|Erich von Stroheim
Greetings|1968|Brian De Palma
Gremlins|1984|Joe Dante
Gremlins 2: The New Batch|1990|Joe Dante
Grey Gardens|1975|Albert and David Maysles
Grindhouse|2007|Robert Rodriguez and Quentin Tarantino
The Awful Dr. Orlof|1962|Jésus Franco
The Groove Tube|1974|Ken Shapiro
Grosse Pointe Blank|1997|George Armitage
Gummo|1997|Harmony Korine
Gun Crazy|1950|Joseph Lewis
Gunda|1998|Kanti Shah
Hackers|1995|Iain Softley
La haine|1995|Matthieu Kassovitz
Hairspray|1988|John Waters
Half Baked|1998|Tamra Davis
Halloween|1978|John Carpenter
Halloween: The Curse of Michael Myers|1995|Joe Chappelle
Halloween III: Season of the Witch|1982|Tommy Lee Wallace
Hana-bi|1997|Takeshi Kitano
Hard to Be a God|2013|Aleksei German
Gwoemul|2006|Bong Joon-ho
Hansel & Gretel: Witch Hunters|2013|Tommy Wirkola
Happiness|1998|Todd Solondz
Happy Gilmore|1996|Dennis Dugan
Happy Together|1997|Wong Kar-wai
Hard Boiled|1992|John Woo
A Hard Day's Night|1964|Richard Lester
Hard Target|1993|John Woo
Hard Ticket to Hawaii|1987|Andy Sidaris
The Harder They Come|1972|Perry Henzell
Hardware|1990|Richard Stanley
Hare Rama Hare Krishna|1971|Dev Anand
Harold & Kumar Go to White Castle|2004|Jon Hurwitz & Hayden Schlossberg
Harold and Maude|1971|Hal Ashby
Harpya|1979|Raoul Servais
The Haunted Strangler|1958|Robert Day
Hausu|1977|Nobuhiko Obayashi
Häxan|1922|Benjamin Christensen
Head|1968|Bob Rafelson
Heathers|1988|Michael Lehmann
Heaven's Gate|1980|Michael Cimino
Heavenly Creatures|1994|Peter Jackson
Heavy Metal|1981|Gerald Potterton
Heavy Metal Parking Lot|1986|John Heyn and Jeff Krulik
Heavy Traffic|1973|Ralph Bakshi
Heavyweights|1995|Steven Brill
Hedwig and the Angry Inch|2001|John Cameron Mitchell
Hēi Tài Yáng 731|1988|Mou Tun-fei
Heima|2007|Dean DeBlois
Hell Comes to Frogtown|1988|Donald G. Jackson and R. J. Kizer
Hell Is a City|1960|Val Guest
Hellraiser|1987|Clive Barker
Hellzapoppin'|1941|H.C. Potter
Help|1965|Richard Lester
Hemp for Victory|1943|Raymond Evans
Henry & June|1990|Philip Kaufman
Henry: Portrait of a Serial Killer|1986|John McNaughton
The Hidden|1987|Jack Sholder
Highlander|1986|Russell Mulcahy
Highway to Hell|1992|Ate de Jong
High Fidelity|2000|Stephen Frears
High School Confidential|1958|Jack Arnold
High School Musical|2006|Kenny Ortega
The Hills Have Eyes|1977|Wes Craven
Der Himmel über Berlin|1987|Wim Wenders
Hiroshima mon amour|1959|Alain Resnais
His Girl Friday|1940|Howard Hawks
Histoire d'O|1975|Just Jaeckin
The Hitcher|1986|Robert Harmon
The Hitchhiker's Guide to the Galaxy|2005|Garth Jennings and Nick Goldsmith
Hobgoblins|1988|Rick Sloane
Hobo with a Shotgun|2011|Jason Eisener
Hocus Pocus|1993|Kenny Ortega
Holy Motors|2012|Leos Carax
The Hollywood Knights|1980|Floyd Mutrux
The Honeymoon Killers|1970|Leonard Kastle
Hoří, má Panenko|1967|Miloš Forman
Hoshi o Ou Kodomo|2011|Makoto Shinkai
Hot Fuzz|2007|Edgar Wright
Hot Rod|2007|Akiva Schaffer
House of 1000 Corpses|2003|Rob Zombie
The House of the Devil|2009|Ti West
House of Wax|1953|André de Toth
House on Haunted Hill|1959|William Castle
How High|2001|Jesse Dylan
How I Won the War|1967|Richard Lester
How to Get Ahead in Advertising|1989|Bruce Robinson
Howard the Duck|1986|Willard Huyck
Hudson Hawk|1991|Michael Lehmann
The Hudsucker Proxy|1994|The Coen Brothers
The Human Centipede|2009|Tom Six
Human Traffic|1999|Justin Kerrigan
The Hunger|1983|Tony Scott
Hustler White|1996|Bruce LaBruce
Hydrozagadka|1971|Andrzej Kondratiuk
I Bought a Vampire Motorcycle|1990|Dirk Campbell
I Bury the Living|1958|Albert Band
I Drink Your Blood|1970|David E. Durston
I Heart Huckabees|2004|David O. Russell
I Married a Monster from Outer Space|1958|Gene Fowler
I Married a Strange Person|1997|Bill Plympton
I'm Not There|2007|Todd Haynes
I Spit on Your Grave|1978|Meir Zarchi
I Walked with a Zombie|1943|Jacques Tourneur
I Was a Teenage Werewolf|1957|Gene Fowler
Idiocracy|2006|Mike Judge
Idioterne|1998|Lars von Trier
Idle Hands|1999|Rodman Flender
if....|1968|Lindsay Anderson
Iguana|1988|Monte Hellman
Il Mio Nome è Nessuno|1973|Tonino Valerii and Sergio Leone
Ilsa: She Wolf of the SS|1975|Don Edmonds
Imitation of Life|1959|Douglas Sirk
In a Lonely Place|1950|Nicholas Ray
In Bruges|2008|Martin McDonagh
In the Company of Men|1997|Neil LaBute
Inauguration of the Pleasure Dome|1954|Kenneth Anger
The Incredible Shrinking Man|1957|Jack Arnold
The Incredibly Strange Creatures Who Stopped Living And Became Mixed-Up Zombies|1964|Ray Dennis Steckler
Incubus|1966|Leslie Stevens
Inferno|1980|Dario Argento
Inserts|1975|John Byrum
Interstella 5555: The 5tory of the 5ecret 5tar 5ystem|2003|Kazuhisa Takenouchi
Intensive Care|1991|Dorna van Rouveroy
Invaders from Mars|1953|William Cameron Menzies
Invasion of the Body Snatchers|1956|Don Siegel
Invocation of My Demon Brother|1969|Kenneth Anger
Irma Vep|1996|Olivier Assayas
Irréversible|2002|Gaspar Noé
The Iron Giant|1999|Brad Bird
Ironiya Sudby, ili S Lyogkim Parom!|1976|Emil Braginsky and Eldar Ryazanov
Ishtar|1987|Elaine May
Island of Lost Souls|1932|Erle C. Kenton
It Came from Beneath the Sea|1955|Robert Gordon
It Came from Outer Space|1953|Jack Arnold
It's a Gift|1934|Norman McLeod
It's a Mad, Mad, Mad, Mad World|1963|Stanley Kramer
It's Such a Beautiful Day|2012|Don Hertzfeldt
It's Alive|1974|Larry Cohen
It's All Gone Pete Tong|2004|Michael Dowse
Ivan Vasilievich: Back to the Future|1973|Leonid Gaidai
Jaane Bhi Do Yaaro|1983|Kundan Shah
Jack & Diane|2012|Bradley Rust Gray
Jackass: The Movie|2002|Jeff Tremaine
Jackson County Jail|1976|Roger Corman
Jacob's Ladder|1990|Adrian Lyne
Jag är Nyfiken – En Film i Blått|1968|Vilgot Sjöman
Jag är nyfiken – En Film i Gult|1967|Vilgot Sjöman
Jailhouse Rock|1957|Richard Thorpe
Janghwa, Hongryeon|2003|Kim Jee-woon
Jason and the Argonauts|1963|Don Chaffey
Jay and Silent Bob Strike Back|2001|Kevin Smith
Jazz on a Summer's Day|1959|Aram Avakian, Bert Stern
JCVD|2008|Mabrouk El Mechri
Jeanne Dielman, 23 quai du Commerce, 1080 Bruxelles|1975|Chantal Akerman
Jennifer's Body|2009|Karyn Kusama
Jerry Maguire|1996|Cameron Crowe
Jesse James Meets Frankenstein's Daughter|1966|William Beaudine
Jesus Christ Vampire Hunter|2001|Lee Demarbre
Je t'Aime...Moi non Plus|1976|Serge Gainsbourg
La Jetée|1962|Chris Marker
Jezus is een Palestijn|1999|Lodewijk Crijns
Jigarthanda|2014|Karthik Subbaraj
Jigoku|1960|Nobuo Nakagawa
Jigureul Jikyeora!|2003|Jang Joon-hwan
Jízda|1994|Jan Svěrák
Joe Versus the Volcano|1990|John Patrick Shanley
John Dies at the End|2012|Don Coscarelli
Johnny Got His Gun|1971|Dalton Trumbo
Johnny Guitar|1954|Nicholas Ray
Johnny Suede|1991|Tom DiCillo
John Wick|2014|Chad Stahelski and David Leitch
Josie and the Pussycats|2001|Harry Elfont and Deborah Kaplan
Jūbē Ninpūchō|1993|Yoshiaki Kawajiri
Jubilee|1978|Derek Jarman
Jules et Jim|1961|François Truffaut
Ju-On: The Grudge|2002|Takashi Shimizu
Junebug|2005|Phil Morrison
Kafka|1991|Steven Soderbergh
Kairo|2001|Kiyoshi Kurosawa
Kaminey|2009|Vishal Bhardwaj
Kanashimi no Belladonna|1973|Eiichi Yamamoto
Karz|1980|Subhash Ghai
The Keep|1983|Michael Mann
A Kenguru|1975|János Zsombolyai
The Kentucky Fried Movie|1977|John Landis
Khosla Ka Ghosla|2006|Dibakar Banerjee
Kick-Ass|2010|Matthew Vaughn
Kicking and Screaming|1995|Noah Baumbach
Kids|1995|Larry Clark
The Kids Are All Right|2010|Lisa Cholodenko
Kids in the Hall: Brain Candy|1996|Kelly Makin
Kiler|1997|Juliusz Machulski
Kill Bill: Vol. 1|2003|Quentin Tarantino
Kill Bill: Vol. 2|2004|Quentin Tarantino
The Kill-Off|1989|Maggie Greenwald
The Killer|1989|John Woo
Killer Klowns from Outer Space|1988|Stephen Chiodo
The Killer Shrews|1959|Ray Kellogg
The Killing|1956|Stanley Kubrick
The Killing of Sister George|1968|Robert Aldrich
Kin-dza-dza!|1986|Georgiy Daneliya
King Kong|1933|Merian C. Cooper and Ernest B. Schoedsack
The King of Comedy|1983|Martin Scorsese
King of New York|1990|Abel Ferrara
The King of Kong: A Fistful of Quarters|2007|Seth Gordon
Kingpin|1996|Farrelly brothers
Kingsajz|1987|Juliusz Machulski
Kingsman: The Secret Service|2014|Matthew Vaughn
Kiss Daddy Goodnight|1987|Peter Ily Huemer
Kiss Kiss Bang Bang|2005|Shane Black
Kiss Me Deadly|1955|Robert Aldrich
Kiss Meets the Phantom of the Park|1978|Gordon Hessler
Kit Kat|1991|Daoud Abdel Sayed
Kite|1998|Yasuomi Umetsu
Klątwa Doliny Węży|1988|Marek Piestrak
The Knack...and How to Get It|1965|Richard Lester
A Knight's Tale|2001|Brian Helgeland
Knightriders|1981|George A. Romero
Ghost in the Shell|1995|Mamoru Oshii
Konchû Daisensô|1968|Kazui Nihonmatsu
Kondom des Grauens|1996|Martin Walz
Kontroll|2003|Nimród Antal
Koroshi no Rakuin|1967|Seijun Suzuki
Koroshiya Ichi|2001|Takashi Miike
Kouř|1991|Tomáš Vorel
Dutch Wife in the Desert|1967|Atsushi Yamatoya
Koyaanisqatsi|1982|Godfrey Reggio
Shogun Assassin|1980|Robert Houston
Krull|1983|Peter Yates
Kung Fu Hustle|2004|Stephen Chow
Kung Pow! Enter the Fist|2002|Steve Oedekerk
Kuryer|1986|Karen Shakhnazarov
The Big Tits Dragon|2010|Takao Nakano
Kyuketsuki Gokemidoro|1968|Hajime Sato
Kyūketsu Dokurosen|1968|Hiroshi Matsuno
Labyrinth|1986|Jim Henson
Ladies and Gentlemen, The Fabulous Stains|1982|Lou Adler
The Lady from Shanghai|1947|Orson Welles
The Lair Of The White Worm|1988|Ken Russell
Lake Placid|1999|Steve Miner
Lamhe|1991|Yash Chopra
Land of the Pharaohs|1955|Howard Hawks
Laserblast|1978|Michael Rae
The Last Dragon|1985|Michael Schultz
The Last House on the Left|1972|Wes Craven
The Last Picture Show|1971|Peter Bogdanovich
The Last Seduction|1994|John Dahl
The Last Starfighter|1984|Nick Castle
The Last Sunset|1961|Robert Aldrich
Last Tango in Paris|1972|Bernardo Bertolucci
The Last Unicorn|1982|Arthur Rankin, Jr. and Jules Bass
The Last Waltz|1978|Martin Scorsese
The Last Wave|1977|Peter Weir
Låt den Rätte Komma in|2008|Tomas Alfredson
Laura|1944|Otto Preminger
The Lawnmower Man|1992|Brett Leonard
The Leather Boys|1964|Sidney J. Furie
Legend|1985|Ridley Scott
The Legend of Billie Jean|1985|Matthew Robbins
The Legend of the 7 Golden Vampires|1974|Roy Ward Baker and Chang Cheh
Die Legende von Paul und Paula|1973|Heiner Carow
Leningrad Cowboys Go America|1989|Aki Kaurismäki
Leningrad Cowboys Meet Moses|1994|Aki Kaurismäki
Léon|1994|Luc Besson
Leprechaun|1993|Mark Jones
Leprechaun 2|1994|Rodman Flender
Leprechaun 3|1995|Brian Trenchard-Smith
Leprechaun 4: In Space|1996|Brian Trenchard-Smith
Leprechaun in the Hood|2000|Rob Spera
Let Me Die a Woman|1977|Doris Wishman
Let's Get Lost|1988|Bruce Weber
Let's Scare Jessica to Death|1971|John D. Hancock
Les Lèvres Rouges|1971|Harry Kümel
Lifeforce|1985|Tobe Hooper
Lift, The|1983|Dick Maas
The Limey|1999|Steven Soderbergh
Limite|1931|Mário Peixoto
Liquid Sky|1982|Slava Tsukerman
Lisztomania|1975|Ken Russell
The Little Prince|1974|Stanley Donen
The Little Shop of Horrors|1960|Roger Corman
Little Shop of Horrors|1986|Frank Oz
Living in Oblivion|1995|Tom DiCillo
Lo Chiamavano Trinità|1970|Enzo Barboni
Le Locataire|1976|Roman Polanski
Logan's Run|1976|Michael Anderson
Lola Montès|1955|Max Ophüls
Lola Rennt|1998|Tom Tykwer
The Long Goodbye|1973|Robert Altman
Long Weekend|1978|Colin Eggleston
Lord Love a Duck|1966|George Axelrod
Lords of Dogtown|2005|Catherine Hardwicke
Lord of the Flies|1963|Peter Brook
The Lord of the Rings|1978|Ralph Bakshi
The Lost Boys|1987|Joel Schumacher
Lost Highway|1997|David Lynch
Lost in America|1985|Albert Brooks
The Lost Skeleton of Cadavra|2001|Larry Blamire
Love and Death|1974|Woody Allen
Love at First Bite|1979|Stan Dragoti
Love Jones|1997|Theodore Witcher
Love Story|1970|Arthur Hiller
Love Streams|1984|John Cassavetes
The Love Witch|2016|Anna Biller
Una lucertola con la pelle di donna|1971|Lucio Fulci
Lucifer Rising|1972|Kenneth Anger
M – Eine Stadt sucht einen Mörder|1931|Fritz Lang
MacGruber|2010|Jorma Taccone
Machete|2010|Robert Rodriguez
The Machinist|2004|Brad Anderson
The Mack|1973|Michael Campus
Mad Dog Morgan|1976|Philippe Mora
Mad Love|1935|Karl Freund
Mad Max|1979|George Miller
Mad Max 2: The Road Warrior|1981|George Miller
Mad Monster Party|1967|Jules Bass
Mädchen in Uniform|1931|Leontine Sagan
The Mafu Cage|1978|Karen Arthur
Magic|1978|Richard Attenborough
The Magic Christian|1969|Joseph McGrath
Magical Mystery Tour|1967|The Beatles and Bernard Knowles
Le Magnifique|1973|Philippe de Broca
Mahal|1949|Kamal Amrohi
Maidstone|1970|Norman Mailer
Maindo Gēmu|2004|Masaaki Yuasa
Malcolm|1986|Nadia Tass
Mallrats|1995|Kevin Smith
Malpertuis|1971|Harry Kümel
The Maltese Falcon|1941|John Huston
Mamma Mia!|2008|Phyllida Lloyd
De Man Die Zijn Haar Kort Liet Knippen|1966|André Delvaux
Mandingo|1976|Richard Fleischer
The Man from Planet X|1951|Edgar G. Ulmer
Man of the West|1958|Anthony Mann
Man on the Moon|1999|Miloš Forman
The Man with the Golden Arm|1955|Otto Preminger
The Man with Two Brains|1983|Carl Reiner
The Man Who Fell to Earth|1976|Nicolas Roeg
The Manchurian Candidate|1962|John Frankenheimer
Manhunter|1986|Michael Mann
Maniac|1980|William Lustig
Maniac Cop|1988|William Lustig
Manos: The Hands of Fate|1966|Harold P. Warren
Maratonci Trče Počasni Krug|1982|Slobodan Šijan
El Mariachi|1992|Robert Rodriguez
Marnie|1964|Alfred Hitchcock
Married to the Mob|1988|Jonathan Demme
Marquis|1989|Henri Xhonneux
Mars Attacks!|1996|Tim Burton
Martha|1967|Erik Balling
Martin|1978|George A. Romero
Marius|1931|Alexander Korda
Fanny|1932|Marc Allégret
César|1936|Marcel Pagnol
La Maschera del Demonio,|1960|Mario Bava
Massacre at Central High|1976|Rene Daalder
Master of the Flying Guillotine|1976|Jimmy Wang
Matango|1963|Ishirō Honda
Matilda|1996|Danny DeVito
The Matrix|1999|Lana Wachowski, Lilly Wachowski
The Matrix Reloaded|2003|Lana Wachowski, Lilly Wachowski
The Matrix Revolutions|2003|Lana Wachowski, Lilly Wachowski
May|2002|Lucky McKee
Me and You and Everyone We Know|2005|Miranda July
Mean Girls|2004|Mark Waters
Mean Streets|1973|Martin Scorsese
Medium Cool|1969|Haskell Wexler
Meet the Feebles|1989|Peter Jackson
Mehed ei Nuta|1968|Sulev Nõmmik
Memento|2000|Christopher Nolan
Mera Naam Joker|1970|Raj Kapoor
Messer im Kopf|1978|Reinhard Hauff
Metropolis|1927|Fritz Lang
Metropolis|2001|Rintaro
Miami Blues|1990|George Armitage
Miami Connection|1987|Richard Park and Y.K. Kim
Mil Gritos Tiene la Noche|1982|Juan Piquer Simón
Mildred Pierce|1945|Michael Curtiz
Miller's Crossing|1990|The Coen Brothers
Das Millionenspiel|1970|Tom Toelle
Miracle Mile|1988|Steve De Jarnatt
MirrorMask|2005|Dave McKean
Miś|1980|Stanisław Bareja
The Misfits|1961|John Huston
Mivtza Savta|1999|Dror Shaul
Mr. B Natural|1957|Phil Patton
Mr. Freedom|1968|William Klein
Mommie Dearest|1981|Frank Perry
Mondo Cane|1962|Gualtiero Jacopetti
Monsieur Verdoux|1947|Charlie Chaplin
La morte ha fatto l'uovo|1968|Giulio Questi
The Monster Squad|1987|Fred Dekker
La Montaña Sagrada|1973|Alejandro Jodorowsky
Monterey Pop|1968|D.A. Pennebaker
Monty Python and the Holy Grail|1975|Terry Gilliam and Terry Jones
Monty Python Live at the Hollywood Bowl|1982|Terry Jones
Monty Python's Life of Brian|1979|Terry Jones
Monty Python's Meaning of Life|1983|Terry Jones
Moonwalker|1988|Jerry Kramer, Will Vinton, Jim Blashfield, and Colin Chilvers
More|1969|Barbet Schroeder
Morgan – A Suitable Case for Treatment|1966|Karel Reisz
Morocco|1930|Josef von Sternberg
Mortal Kombat|1995|Paul W. S. Anderson
Morvern Callar|2002|Lynne Ramsay
Moskva Slezam ne Verit|1980|Vladimir Menshov
The Most Dangerous Game|1932|Irving Pichel and Ernest B. Schoedsack
Mother's Meat and Freud's Flesh|1984|Demetrios Estdelacropolis
Mosura|1961|Ishirō Honda
Motorpsycho|1965|Russ Meyer
Mr. Brooks|2007|Bruce A. Evans
Mr. Mike's Mondo Video|1979|Michael O'Donoghue
Mr. Nobody|2009|Jaco Van Dormael
Mr. Sardonicus|1961|William Castle
Mr. Vampire|1985|Ricky Lau
Ms. 45|1981|Abel Ferrara
Mudhoney|1965|Russ Meyer
Müllers Büro|1986|Niki List
Mulholland Drive|2001|David Lynch
La Momia Azteca contra el Robot Humano|1958|Rafael Portillo
Muriel's Wedding|1994|P. J. Hogan
Muscle Beach Party|1964|William Asher
My Bloody Valentine|1981|George Mihalka
My Darling Clementine|1946|John Ford
My Dinner with Andre|1981|Louis Malle
My Own Private Idaho|1991|Gus Van Sant
Myra Breckinridge|1970|Michael Sarne
Le Mystère Picasso|1956|Henri-Georges Clouzot
Mystery Men|1999|Kinka Usher
Mystery Science Theater 3000: The Movie|1996|Jim Mallon
Mystery Train|1989|Jim Jarmusch
Mystic Pizza|1988|Donald Petrie
Naked|1993|Mike Leigh
The Naked Gun: From the Files of Police Squad!|1988|David Zucker
The Naked Gun 2 1/2: The Smell of Fear|1991|David Zucker
Naked Gun 33 1/3: The Final Insult|1994|Peter Segal
The Naked Kiss|1964|Samuel Fuller
Naked Killer|1992|Clarence Fok Yiu-leung
Naked Lunch|1991|David Cronenberg
The Naked Prey|1965|Cornel Wilde
Napoléon|1927|Abel Gance
Napoleon Dynamite|2004|Jared Hess
Natural Born Killers|1994|Oliver Stone
Near Dark|1987|Kathryn Bigelow
Nekromantik|1987|Jörg Buttgereit
New Jack City|1991|Mario van Peebles
A New Leaf|1971|Elaine May
Newsies|1992|Kenny Ortega
The New World|2005|Terrence Malick
New York, New York|1977|Martin Scorsese
Nightbreed|1990|Clive Barker
Nightmare Alley|1947|Edmund Goulding
Night of the Comet|1984|Thom Eberhardt
Night of the Demon|1957|Jacques Tourneur
Night of the Hunter|1955|Charles Laughton
Night of the Lepus|1972|William F. Claxton
Night of the Living Dead|1968|George A. Romero
The Nightmare Before Christmas|1993|Henry Selick
A Nightmare on Elm Street|1984|Wes Craven
Nightmares|1983|Joseph Sargent
The Nine Lives of Fritz the Cat|1974|Robert Taylor
No Skin Off My Ass|1993|Bruce LaBruce
Nochnoy Dozor|2004|Timur Bekmambetov
No Profanar El Sueño De Los Muertos|1974|Jorge Grau
Noises Off|1992|Peter Bogdanovich
The Northerners|1992|Alex van Warmerdam
Nordsee ist Mordsee|1976|Hark Bohm
Nosferatu: Phantom der Nacht|1979|Werner Herzog
Nothing Lasts Forever|1984|Tom Schiller
Le Nouveau Testament|2015|Jaco Van Dormael
La Novia Ensangrentada|1972|Vicente Aranda
Now, Voyager|1942|Irving Rapper
Nowhere|1997|Gregg Araki
Nóż w Wodzie|1962|Roman Polanski
Nude on the Moon|1961|Raymond Phelan and Doris Wishman
Nuovo Cinema Paradiso|1988|Giuseppe Tornatore
Les Nuits Fauves|1992|Cyril Collard
The Nutty Professor|1963|Jerry Lewis
Observe and Report|2009|Jody Hill
Office Space|1999|Mike Judge
Oldeuboi|2003|Park Chan-wook
Los Olvidados|1950|Luis Buñuel
The Omega Man|1971|Boris Sagal
On Her Majesty's Secret Service|1969|Peter R. Hunt
One Million Years B.C.|1966|Don Chaffey
One-Eyed Jacks|1961|Marlon Brando
Operatsiya 'Y' i Drugie Priklyucheniya Shurika|1965|Leonid Gaidai
The Opposite of Sex|1997|Don Roos
Orfeu Negro|1959|Marcel Camus
Orgazmo|1997|Trey Parker
Orphée|1950|Jean Cocteau
Out of the Past|1947|Jacques Tourneur
Outrageous!|1977|Richard Benner
Over the Edge|1979|Jonathan Kaplan
Overboard|1987|Garry Marshall
Pandorum|2009|Christian Alvart
The Parallax View|1974|Alan J. Pakula
Les Parapluies de Cherbourg|1964|Jacques Demy
Paris, Texas|1984|Wim Wenders
Parlez-nous d'amour|1976|Jean-Claude Lord
The Party|1968|Blake Edwards
Party Monster|2003|Fenton Bailey and Randy Barbato
Pásla kone na Betóne|1982|Štefan Uher
En Passion|1969|Ingmar Bergman
Pat Garrett and Billy the Kid|1973|Sam Peckinpah
Patrick|1978|Richard Franklin
Paul|2011|Greg Mottola
Peeping Tom|1960|Michael Powell
Pee-wee's Big Adventure|1985|Tim Burton
Pepi, Luci, Bom|1980|Pedro Almodóvar
The People Under the Stairs|1991|Wes Craven
Per Qualche Dollaro In Piú|1965|Sergio Leone
Per Un Pugno Di Dollari|1964|Sergio Leone
Le Père Noël est une Ordure|1982|Jean-Marie Poiré
Performance|1970|Donald Cammell and Nicolas Roeg
Le Péril Jeune|1994|Cédric Klapisch
Persona|1966|Ingmar Bergman
Petulia|1968|Richard Lester
Phantasm|1979|Don Coscarelli
The Phantom|1996|Simon Wincer
Phantom of the Paradise|1974|Brian De Palma
Phase IV|1974|Saul Bass
Pi|1998|Darren Aronofsky
Pickup on South Street|1953|Samuel Fuller
Picnic at Hanging Rock|1975|Peter Weir
Pieces|1982|Juan Piquer Simón
The Pillow Book|1996|Peter Greenaway
Pineapple Express|2008|David Gordon Green
Pink Flamingos|1972|John Waters
Pink Floyd – The Wall|1982|Alan Parker
Piranha|1978|Joe Dante
Plan 9 from Outer Space|1959|Ed Wood
Planet of the Apes|1968|Franklin J. Schaffner
La Planète Sauvage|1973|René Laloux
Playtime|1967|Jacques Tati
Point Blank|1967|John Boorman
Point Break|1991|Kathryn Bigelow
Police Academy|1984|Hugh Wilson
Polyester|1981|John Waters
Pool of London|1951|Basil Dearden
Pootie Tang|2001|Louis C.K.
Popeye|1980|Robert Altman
Popstar: Never Stop Never Stopping|2016|Akiva Schaffer and Jorma Taccone
Porky's|1981|Bob Clark
Il Portiere di Notte|1974|Liliana Cavani
The Poseidon Adventure|1972|Ronald Neame
Possession|1981|Andrzej Żuławski
Poultrygeist: Night of the Chicken Dead|2006|Lloyd Kaufman
Les Poupées Russes|2005|Cédric Klapisch
Preaching to the Perverted|1997|Stuart Urban
The President's Analyst|1967|Theodore J. Flicker
Pretty Baby|1978|Louis Malle
Pretty in Pink|1986|Howard Deutch
Pretty Maids All in a Row|1971|Roger Vadim
Pretty Poison|1968|Noel Black
Prime Cut|1972|Michael Ritchie
Primer|2004|Shane Carruth
The Princess Bride|1987|Rob Reiner
Private Parts|1997|Betty Thomas
Privilege|1967|Peter Watkins
The Producers|1967|Mel Brooks
Profondo rosso|1975|Dario Argento
The Projectionist|1970|Harry Hurwitz and Chuck McCann
The Proposition|2005|John Hillcoat
Przypadek|1987|Krzysztof Kieślowski
Psy|1992|Władysław Pasikowski
Pulgasari|1985|Shin Sang-ok
Pulp Fiction|1994|Quentin Tarantino
Pumping Iron|1977|Robert Fiore and George Butler
Pumpkin|2002|Anthony Abrams and Adam Larson Broder
Pumpkinhead|1988|Stan Winston
Pump Up the Volume|1990|Allan Moyle
Punch-Drunk Love|2002|Paul Thomas Anderson
Puppet Master|1989|David Schmoeller
Purple Rain|1984|Albert Magnoli
Pusher|1996|Nicolas Winding Refn
With Blood on My Hands: Pusher II|2004|Nicolas Winding Refn
I'm the Angel of Death: Pusher III|2005|Nicolas Winding Refn
Putney Swope|1969|Robert Downey, Sr.
Q|1982|Larry Cohen
Quadrophenia|1979|Franc Roddam
Quasi at the Quackadero|1976|Sally Cruikshank
Quatermass and the Pit|1967|Roy Ward Baker
¿Qué He Hecho Yo para Merecer Esto?|1984|Pedro Almodóvar
Queen Christina|1933|Rouben Mamoulian
Queen of Outer Space|1958|Edward Bernds
Queimada!|1969|Gillo Pontecorvo
The Quiet Earth|1985|Geoff Murphy
The Quiet Man|1952|John Ford
Qui Êtes-Vous, Polly Maggoo?|1966|William Klein
Quick Change|1990|Howard Franklin and Bill Murray
Rabbit of Seville|1950|Chuck Jones
Rad|1986|Hal Needham
The Raid: Redemption|2011|Gareth Evans
The Rain People|1969|Francis Ford Coppola
Raising Arizona|1987|The Coen Brothers
The Rapture|1991|Michael Tolkin
Ravenous|1999|Antonia Bird
Razorback|1984|Russell Mulcahy
Real Genius|1985|Martha Coolidge
Reality Bites|1994|Ben Stiller
Re-Animator|1985|Stuart Gordon
Remake|2003|Dino Mustafić
Rembètiko|1983|Costas Ferris
REC|2007|Jaume Balagueró and Paco Plaza
Red Dawn|1984|John Milius
Red Hot Riding Hood|1943|Tex Avery
The Red Shoes|1948|Michael Powell and Emeric Pressburger
Reefer Madness|1936|Louis J. Gasnier
Rejs|1970|Marek Piwowski
Rękopis Znaleziony w Saragossie|1965|Wojciech Has
Repo! The Genetic Opera|2008|Darren Lynn Bousman
Repo Man|1984|Alex Cox
Reptilicus|1961|Poul Bang
Requiem for a Dream|2000|Darren Aronofsky
Reservoir Dogs|1992|Quentin Tarantino
Restless Natives|1985|Michael Hoffman
The Return of the Living Dead|1985|Dan O'Bannon
Return of the Secaucus 7|1980|John Sayles
Return to Oz|1985|Walter Murch
Revenge of the Nerds|1984|Jeff Kanew
Revolver|2005|Guy Ritchie
Ride the High Country|1962|Sam Peckinpah
Riki-Oh: The Story of Ricky|1991|Lam Ngai Kai
Ringu|1998|Hideo Nakata
Rio Bravo|1959|Howard Hawks
Rita, Sue and Bob Too|1987|Alan Clarke
The Ritz|1976|Richard Lester
River's Edge|1986|Tim Hunter
Roadgames|1981|Richard Franklin
Road House|1989|Rowdy Herrington
Robin Hood: Men in Tights|1993|Mel Brooks
Robinson Crusoe on Mars|1964|Byron Haskin
RoboCop|1987|Paul Verhoeven
Robot Monster|1953|Phil Tucker
Rock & Rule|1983|Clive A. Smith
Rock 'n' Roll High School|1979|Allan Arkush
Rocker|1972|Klaus Lemke
Rockers|1978|Theodoros Bafaloukos
The Rocky Horror Picture Show|1975|Jim Sharman
Roger & Me|1989|Michael Moore
Le Roi de Coeur|1966|Philippe de Broca
Rok Ďábla|2002|Petr Zelenka
Romanzo Criminale|2005|Michele Placido
Romy and Michele's High School Reunion|1997|David Mirkin
The Room|2003|Tommy Wiseau
Rosemary's Baby|1968|Roman Polanski
Rosencrantz and Guildenstern are Dead|1990|Tom Stoppard
Rounders|1998|John Dahl
The Royal Tenenbaums|2001|Wes Anderson
Ruby Gentry|1952|King Vidor
Rude Boy|1980|Jack Hazan and David Mingay
The Rules of Attraction|2002|Roger Avary
The Ruling Class|1972|Peter Medak
Rumble Fish|1983|Francis Ford Coppola
Runaway Nightmare|1982|Mike Cartel
The Running Man|1987|Paul Michael Glaser
Rushmore|1998|Wes Anderson
Russian Ark|2002|Alexander Sokurov
The Rutles: All You Need Is Cash|1978|Eric Idle, Gary Weis
Le Salaire de la Peur|1953|Henri-Georges Clouzot
Salò o le 120 Giornate di Sodoma|1975|Pier Paolo Pasolini
Salt of the Earth|1954|Herbert J. Biberman
Sami Swoi|1967|Sylwester Chęciński
Samurai Cop|1991|Amir Shervan
Sankofa|1993|Haile Gerima
The Sandlot|1993|David M. Evans
Santa Claus Conquers the Martians|1964|Nicholas Webster
Santa Sangre|1989|Alejandro Jodorowsky
Sátántangó|1994|Béla Tarr
The Savage Innocents|1960|Nicholas Ray
Say Anything...|1989|Cameron Crowe
A Scanner Darkly|2006|Richard Linklater
Scanners|1981|David Cronenberg
Scarface|1983|Brian De Palma
The Scarlet Empress|1934|Josef von Sternberg
Schizopolis|1996|Steven Soderbergh
La Science des Rêves|2006|Michel Gondry
Scorpio Rising|1963|Kenneth Anger
Scott Pilgrim vs. the World|2010|Edgar Wright
Scream|1996|Wes Craven
Scum|1979|Alan Clarke
The Searchers|1956|John Ford
Seconds|1966|John Frankenheimer
The Secret of NIMH|1982|Don Bluth
Secretary|2002|Steven Shainberg
Se sei vivo spara|1967|Giulio Questi
Sedmikrásky|1966|Věra Chytilová
Sei Donne per l'Assassino|1964|Mario Bava
Seksmisja|1984|Juliusz Machulski
Sennen Joyu|2001|Satoshi Kon
Serenity|2005|Joss Whedon
Serial Mom|1994|John Waters
Series 7: The Contenders|2001|Daniel Minahan
Session 9|2001|Brad Anderson
Seven Servants|1996|Daryush Shokof
Sextette|1977|Ken Hughes
Sexy Beast|2000|Jonathan Glazer
Shadows|1959|John Cassavetes
Shadow of the Vampire|2000|E. Elias Merhige
Shakes the Clown|1991|Bobcat Goldthwait
Shallow Grave|1994|Danny Boyle
Shao Lin san Shi liu Fang|1978|Liu Chia-liang
Sharknado|2013|Anthony C. Ferrante
Shaun of the Dead|2004|Edgar Wright
The Shawshank Redemption|1994|Frank Darabont
Neon Genesis Evangelion: The End of Evangelion|1997|Hideaki Anno and Kazuya Tsurumaki
The Shining|1980|Stanley Kubrick
Shivers|1975|David Cronenberg
Shock Corridor|1963|Samuel Fuller
Shock Treatment|1981|Jim Sharman
Sholay|1975|Ramesh Sippy
Shoot 'Em Up|2007|Michael Davis
The Shooting|1966|Monte Hellman
Shortbus|2006|John Cameron Mitchell
Shoto Pisu|2013|Shuhei Morita, Katsuhiro Otomo, Hiroaki Ando, Hajime Katoki, and Yohei Kataoka
Showdown in Little Tokyo|1991|Mark L. Lester
Showgirls|1995|Paul Verhoeven
Shrek|2001|Andrew Adamson and Vicky Jenson
Lady Snowblood|1973|Toshiya Fujita
The Sicilian|1987|Michael Cimino
Sid & Nancy|1986|Alex Cox
The Signal|2007|David Bruckner, Dan Bush, and Jacob Gentry
Siin me Oleme!|1979|Sulev Nõmmik
Silent Night, Deadly Night|1984|Charles Sellier
Silent Night, Deadly Night Part 2|1987|Lee Harry
Silent Running|1972|Douglas Trumbull
Sin City|2005|Frank Miller, Robert Rodriguez, and Quentin Tarantino
Singapore Sling: O Anthropos pou Agapise ena Ptoma|1990|Nikos Nikolaidis
Un Singe en Hiver|1962|Henri Verneuil
Sint|2010|Dick Maas
Sissi|1955|Ernst Marischka
Sisters|1973|Brian De Palma
Six-String Samurai|1998|Lance Mungia
Det Sjunde Inseglet|1957|Ingmar Bergman
Skidoo|1968|Otto Preminger
Skinwalkers|2006|James Isaac
Sky Captain and the World of Tomorrow|2004|Kerry Conran
Slacker|1991|Richard Linklater
Slap Shot|1977|George Roy Hill
SLC Punk!|1998|James Merendino
Sleepaway Camp|1983|Robert Hiltzik
Sleeper|1973|Woody Allen
Slither|2006|James Gunn
Smokin' Aces|2006|Joe Carnahan
Snakes On A Plane|2006|David R. Ellis
Snatch|2000|Guy Ritchie
So I Married an Axe Murderer|1993|Thomas Schlamme
Society|1989|Brian Yuzna
Solaris|1972|Andrei Tarkovsky
Sólo Con Tu Pareja|1991|Alfonso Cuarón
Some Like It Hot|1959|Billy Wilder
Somewhere in Time|1980|Jeannot Szwarc
Sonachine|1993|Takeshi Kitano
The Song Remains the Same|1976|Peter Clifton and Joe Massot
Songs from the Second Floor|2000|Roy Andersson
Sonnenallee|1999|Leander Haußmann
Sons of the Desert|1933|William A. Seiter
Sorcerer|1977|William Friedkin
The Sound of Music|1965|Robert Wise
South Park: Bigger, Longer & Uncut|1999|Trey Parker
Soy Cuba|1964|Mikhail Kalatozov
Soylent Green|1973|Richard Fleischer
Space Cop|2016|Jay Bauman and Mike Stoklasa
Space Is The Place|1974|John Coney
Spaceballs|1987|Mel Brooks
Space Jam|1996|Joe Pytka
Spanking the Monkey|1994|David O. Russell
Speed Racer|2008|The Wachowskis
Spetters|1980|Paul Verhoeven
Spider Baby|1967|Jack Hill
Spalovač Mrtvol|1969|Juraj Herz
Splice|2009|Vincenzo Natali
Spoorloos|1988|George Sluizer
Spring Breakers|2012|Harmony Korine
Srpski film|2011|Srđan Spasojević
A Star Is Born|1954|Moss Hart
Stardust Memories|1980|Woody Allen
Starship Troopers|1997|Paul Verhoeven
Star Wars Holiday Special|1978|Steve Binder
The Stepfather|1987|Joseph Ruben
The Stepford Wives|1975|Bryan Forbes
Stilyagi|2008|Valery Todorovsky
Stone|1974|Sandy Harbutt
Stop Making Sense|1984|Jonathan Demme
Strange Days|1995|Kathryn Bigelow
Stranger Than Paradise|1984|Jim Jarmusch
Straw Dogs|1971|Sam Peckinpah
Street Trash|1987|J. Michael Muro
Streets of Fire|1984|Walter Hill
Stuck|2007|Stuart Gordon
The Stuff|1985|Larry Cohen
The Stunt Man|1980|Richard Rush
Suddenly|1954|Lewis Allen
Sullivan's Travels|1941|Preston Sturges
Sundown: The Vampire in Retreat|1989|Anthony Hickox
Sunshine Daydream|2013|John Norris
Super Fly|1972|Gordon Parks, Jr.
Super Mario Bros.|1993|Rocky Morton and Annabel Jankel
Super Troopers|2001|Jay Chandrasekhar
Superstar: The Karen Carpenter Story|1988|Todd Haynes
Supervixens|1975|Russ Meyer
Surakshaa|1979|Ravikant Nagaich
Suspiria|1977|Dario Argento
Swamp Thing|1982|Wes Craven
Swades|2004|Ashutosh Gowariker
The Swarm|1978|Irwin Allen
Sweet Movie|1974|Dušan Makavejev
Sweet Sweetback's Baadasssss Song|1971|Melvin Van Peebles
Swingers|1996|Doug Liman
Switchblade Sisters|1975|Jack Hill
Sylvia Scarlett|1935|George Cukor
Symbiopsychotaxiplasm|1968|William Greaves
Sympathy for the Devil|1968|Jean-Luc Godard
Synecdoche, New York|2008|Charlie Kaufman
Tajemství hradu v Karpatech|1981|Oldřich Lipský
Taffin|1988|Francis Megahy
Take the Money and Run|1969|Woody Allen
The Tall T|1957|Budd Boetticher
Tampopo|1985|Juzo Itami
Tank Girl|1995|Rachel Talalay
A Tanú|1969|Péter Bacsó
Tapeheads|1988|Bill Fishman
Targets|1968|Peter Bogdanovich
Tarzan and His Mate|1934|Cedric Gibbons
Tarzoon, la Honte de la Jungle|1975|Picha
Taxi zum Klo|1980|Frank Ripploh
Team America: World Police|2004|Trey Parker
Teen Witch|1989|Dorian Walker
Tenacious D in: The Pick of Destiny|2006|Liam Lynch
The Terror of Tiny Town|1938|Sam Newfield
Terrore Nello Spazio|1965|Mario Bava
Tetsuo: The Iron Man|1989|Shinya Tsukamoto
The Texas Chain Saw Massacre|1974|Tobe Hooper
Texas Killing Fields|2011|Ami Canaan Mann
ThanksKilling|2009|Jordan Downey
That Hamilton Woman|1941|Alexander Korda
Thelma & Louise|1991|Ridley Scott
Them!|1954|Gordon Douglas
Themroc|1973|Claude Faraldo
Theo en Thea en de Ontmaskering van Het Tenenkaasimperium|1989|Pieter Kramer
They Live|1988|John Carpenter
They Live by Night|1947|Nicholas Ray
They Saved Hitler's Brain|1968|David Bradley
The Thief and the Cobbler|1993|Richard Williams
The Thief of Bagdad|1940|Alexander Korda, Michael Powell, Ludwig Berger and Tim Whelan
The Thing|1982|John Carpenter
The Thing from Another World|1951|Christian Nyby
The Thing With Two Heads|1972|Lee Frost
Things|1989|Andrew Jordan
The Third Man|1949|Carol Reed
This Is Spinal Tap|1984|Rob Reiner
This Island Earth|1955|Joseph M. Newman and Jack Arnold
Thriller – En Grym Film|1973|Bo Arne Vibenius
Thundercrack!|1975|Curt McDowell
Thunder Road|1958|Arthur Ripley
THX 1138|1971|George Lucas
Tian Can Di Que|1979|Joe Law
Tiān Xià Dì Yī Quán|1972|Jeong Chang-hwa
Time Bandits|1981|Terry Gilliam
Times Square|1980|Allan Moyle
The Tingler|1959|William Castle
Titicut Follies|1967|Frederick Wiseman
To Be or Not to Be|1942|Ernst Lubitsch
To the Devil a Daughter|1976|Peter Sykes
Tōkyō Nagaremono|1966|Seijun Suzuki
Tōkyō Zankoku Keisatsu|2008|Yoshihiro Nishimura
Tommy|1975|Ken Russell
Tommy Boy|1995|Peter Segal
Tonari no Totoro|1988|Hayao Miyazaki
Les Tontons Flingueurs|1963|Georges Lautner
Top Hat|1935|Mark Sandrich
Top Secret!|1984|Jim Abrahams, David Zucker and Jerry Zucker
Top Sensation|1969|Ottavio Alessi
El Topo|1970|Alejandro Jodorowsky
Totally Fucked Up|1993|Gregg Araki
Ein Toter hing im Netz|1960|Fritz Böttger
Touch of Evil|1958|Orson Welles
Touch of Zen|1971|King Hu
Tough Guys Don't Dance|1987|Norman Mailer
The Toxic Avenger|1984|Michael Herz, Lloyd Kaufman
Toys|1992|Barry Levinson
Trailer Park Boys: The Movie|2006|Mike Clattenburg
Trainspotting|1996|Danny Boyle
Trancers|1985|Charles Band
Trancers II|1991|Charles Band
Trancers III|1992|C. Courtney Joyner
Trancers 4: Jack of Swords|1994|David Nutter
Trancers 5: Sudden Deth|1994|David Nutter
Trancers 6|2002|Jay Woelfel
The Transformers: The Movie|1986|Nelson Shin
Trash Humpers|2009|Harmony Korine
La Traversée de Paris|1956|Claude Autant-Lara
Travolti da un Insolito Destino Nell'azzurro Mare d'Agosto|1974|Lina Wertmüller
Treasure Planet|2002|Ron Clements and John Musker
Tremors|1990|Ron Underwood
Trick 'r Treat|2007|Michael Dougherty
Trilogy of Terror|1975|Dan Curtis
The Trip|1967|Roger Corman
Les Triplettes de Belleville|2003|Sylvain Chomet
Troll 2|1990|Claudio Fragasso
Trolljegeren|2010|André Øvredal
Tromeo and Juliet|1996|Lloyd Kaufman
Tron|1982|Steven Lisberger
True Romance|1993|Tony Scott
Trust|1990|Hal Hartley
Tucker & Dale vs. Evil|2010|Eli Craig
The Tune|1992|Bill Plympton
Turkey Shoot|1982|Brian Trenchard-Smith
Turks Fruit|1973|Paul Verhoeven
Twisted Nerve|1968|Roy Boulting
Two for the Road|1967|Stanley Donen
Two-Lane Blacktop|1971|Monte Hellman
Two Thousand Maniacs!|1964|Herschell Gordon Lewis
Uchū Daikaijū Girara|1967|Kazui Nihonmatsu
UHF|1989|Jay Levey
Unbreakable|2000|M. Night Shyamalan
Universal Soldier|1992|Roland Emmerich
Unsichtbare Gegner|1977|Valie Export
Up in Smoke|1978|Lou Adler
Urgh! A Music War|1981|Derek Burbidge
L'Urlo|1970|Tinto Brass
Used Cars|1980|Robert Zemeckis
V for Vendetta|2006|James McTeigue
National Lampoon's Vacation|1983|Harold Ramis
La Vache et le Prisonnier|1959|Henri Verneuil
Valerie a Týden Divů|1970|Jaromil Jireš
Valley of the Dolls|1967|Mark Robson
Les Valseuses|1974|Bertrand Blier
Vamp|1986|Richard Wenk
Vampire Circus|1972|Robert Young
The Vampire Lovers|1970|Roy Ward Baker
Vampire's Kiss|1988|Robert Bierman
El Vampiro|1957|Fernando Méndez
Vampyr|1932|Carl Theodor Dreyer
Vampyros Lesbos|1971|Jesús Franco
Vanishing Point|1971|Richard C. Sarafian
Vāsasu|2000|Ryuhei Kitamura
Vase de Noces|1974|Thierry Zéno
Vegas in Space|1991|Phillip R. Ford
Velvet Goldmine|1998|Todd Haynes
The Velvet Vampire|1971|Stephanie Rothman
Die verlorene Ehre der Katharina Blum|1975|Volker Schlöndorff and Margarethe von Trotta
Vertigo|1958|Alfred Hitchcock
A Very Harold and Kumar 3D Christmas|2011|Todd Strauss-Schulson
Videodrome|1983|David Cronenberg
La Vie Sexuelle des Belges 1950-1978|1994|Jan Bucquoy
De Vierde Man|1983|Paul Verhoeven
Village of the Damned|1960|Wolf Rilla
Village of the Giants|1965|Bert I. Gordon
The Virgin Suicides|1999|Sofia Coppola
Viridiana|1961|Luis Buñuel
Vision Quest|1985|Harold Becker
The Visitor|1979|Giulio Paradisi
Viskningar och Rop|1972|Ingmar Bergman
Voulez-vous Coucher avec God?|1972|Jack Christie and Michael Hirsh
Vous n'aurez pas l'Alsace et la Lorraine|1972|Coluche and Marc Monnet
I Vitelloni|1953|Federico Fellini
Viva|2007|Anna Biller
Le Voyage dans la Lune|1902|Georges Méliès
W.R. - Misterije Organizma, W.R|1971|Dušan Makavejev
Waiting|2005|Rob McKittrick
Wake in Fright|1971|Ted Kotcheff
Walkabout|1971|Nicolas Roeg
Walker|1987|Alex Cox
Walking and Talking|1996|Nicole Holofcener
Wall Street|1987|Oliver Stone
The Wanderers|1979|Philip Kaufman
Warlock|1989|Steve Miner
The Warriors|1979|Walter Hill
Watchmen|2009|Zack Snyder
The Waterboy|1998|Frank Coraci
Waterworld|1995|Kevin Reynolds
Wattstax|1973|Mel Stuart
Wave Twisters|2001|Eric Henry and Syd Garon
Wax or the Discovery of Television Among the Bees|1991|David Blair
Wayne's World|1992|Penelope Spheeris
The Way of the Gun|2000|Christopher McQuarrie
Weird Science|1985|John Hughes
Welcome to the Dollhouse|1995|Todd Solondz
Werckmeister Harmóniák|2000|Béla Tarr
Westworld|1973|Michael Crichton
Wet Hot American Summer|2001|David Wain
What Ever Happened to Baby Jane?|1962|Robert Aldrich
What We Do in the Shadows|2014|Jemaine Clement, Taika Waititi
What's Opera, Doc?|1957|Chuck Jones
What's Up, Tiger Lily?|1966|Woody Allen and Senkichi Taniguchi
Where's Poppa?|1970|Carl Reiner
Where the Boys Are|1960|Henry Levin
White Dog|1982|Samuel Fuller
White Heat|1949|Raoul Walsh
White Mischief|1987|Michael Radford
White Zombie|1932|Victor Halperin
Who Framed Roger Rabbit|1988|Robert Zemeckis
The Wicker Man|1973|Robin Hardy
The Wicker Man|2006|Neil LaBute
The Wild Angels|1966|Roger Corman
Wild at Heart|1990|David Lynch
The Wild Bunch|1969|Sam Peckinpah
Wild Guitar|1962|Ray Dennis Steckler
Wild in the Streets|1968|Barry Shear
The Wild One|1953|László Benedek
Wild Style|1983|Charlie Ahearn
Wilder Napalm|1993|Glenn Gordon Caron
Will Success Spoil Rock Hunter?|1957|Frank Tashlin
Willard|2003|Glen Morgan
Willow|1988|Ron Howard
Willy Wonka & the Chocolate Factory|1971|Mel Stuart
Wir Wunderkinder|1958|Kurt Hoffmann
Witchboard|1986|Kevin S. Tenney
Witchfinder General|1968|Michael Reeves
Withnail and I|1987|Bruce Robinson
The Wiz|1978|Sidney Lumet
The Wizard|1989|Todd Holland
The Wizard of Oz|1939|Victor Fleming
The Wizard of Speed and Time|1979|Mike Jittlov
Wizards|1977|Ralph Bakshi
Wniebowzięci|1973|Andrzej Kondratiuk
Wolf Creek|2005|Greg McLean
Woodstock|1970|Michael Wadleigh
Wonderland|1999|Michael Winterbottom
The World's Greatest Sinner|1962|Timothy Carey
Wristcutters: A Love Story|2006|Goran Dukić
Wuthering Heights|1939|William Wyler
Xanadu|1980|Robert Greenwald
Xtro|1982|Harry Bromley Davenport
Y Tu Mamá También|2001|Alfonso Cuarón
The Year 01|1973|Jacques Doillon, Alain Resnais and Jean Rouch
Yellow Submarine|1968|George Dunning
Les Yeux Sans Visage|1960|Georges Franju
Yōjū Toshi|1987|Yoshiaki Kawajiri
You Are What You Eat|1968|Barry Feinstein
Young Frankenstein|1974|Mel Brooks
Z|1969|Costa-Gavras
Zaat|1971|Don Barton
Zabriskie Point|1970|Michelangelo Antonioni
Zardoz|1974|John Boorman
Zdravstvuyte, Ya Vasha Tyotya!|1975|Viktor Titov
Zéro de Conduite|1933|Jean Vigo
Zero Effect|1998|Jake Kasdan
The Zero Theorem|2013|Terry Gilliam
Ziggy Stardust and the Spiders from Mars|1973|D. A. Pennebaker
Zodiac|2007|David Fincher
Zombie Flesh Eaters|1979|Lucio Fulci
Zoolander|2001|Ben Stiller
Zu Warriors from the Magic Mountain|1983|Tsui Hark
